id,title,group,review
90, The Eagle Has Landed, Book,
1372, Che in Africa: Che Guevara's Congo Diary, Book,
1382, The Darwin Awards II : Unnatural Selection, Book,
253, Celtic Glory, Music,
671, Sublte Aromatherapy, Book,
240, Clathrate Hydrates of Natural Gases (Chemical Industries), Book,
1813, Rock & Roll Music to the World, Music,
1197, Adult Health Case Studies, Book,
1105," The Secret Teachings of All Ages : An Encyclopedic Outline of Masonic, Hermetic, Qabbalistic, and Rosicrucian Symbolical Philosophy", Book,
2460, Music of the Oriental Jews from North Africa Yemen, Music,
928, Cabin III: The Unlawful Assembly at Winding Ridge (Cabin), Book,
1345," Chicken Soup for the Golfer's Soul: Stories of Insight, Inspiration and Laughter on the Links (Chicken Soup Series)", Book,
1843," Facilitative Leader, The: Behaviors that Enable Success", Book,
2637, Dog Food, Book,
2000, Design Considerations of Time in Fuzzy Systems (APPLIED OPTIMIZATION Volume 35) (Applied Optimization), Book,
657," Techno Trax, Vol. 1", Music,
2652, Howling V: The Rebirth, Video,
459, The Civil War Collection, Book,
1837, Rodale's Book of Practical Formulas, Book,
601, The Training and Hiring of Journalists: (Communication and Information Science), Book,
423, The Drowned and the Saved, Book,
2543, Blind Descent: : An Anna Pigeon Mystery (Anna Pigeon Mysteries (Paperback)), Book,
2539, Benchley's Best, Book,
385," Garden Fun: Indoors & Out, in Pots & Small Spots (Quick Starts for Kids!)", Book,
1373, Inimitables, Music,
2294, CDMA Capacity and Quality Optimization (Telecom Engineering), Book,
1348, Zen Seeds: Reflections of a Female Priest, Book,
903, Appalachian Blues, Music,
1920, We'll Soon Find Out, Music,
1052," The Best of Operetta, Vol. 3", Music,
2555, Bone Marrow Nei Kung: Taoist Ways to Improve Your Health by Rejuvenating Your Bone Marrow and Blood, Book,
1872, Extreme Chan Action Pack (First Strike/Mr. Nice Guy/Rumble in the Truck/Rescue Vehicle), Video,
2615, Got the Groove [Germany], Music,
2397, Becoming Intercultural : An Integrative Theory of Communication and Cross-Cultural Adaptation, Book,
2668, Subterranea: the Concert, Music,
1555, Tolstoy: A Biography, Book,
1006, Waldorf Schools: Kindergarten to Early Years, Book,
1807," Among the King's Soldiers (Spirit of Appalachia, 3)", Book,
2109," ISO 9000 Documentation Toolkit: 1994 Revised ISO 9001 Standard, The (Bk/Disk)", Book,
2155, Pooh's Basket of Surprises (Jellybean Books), Book,
1281, Ride, DVD,
1408," Ptolemy's ""Almagest""", Book,
2396, Hydropolitics in the Third World: Conflict and Cooperation in International River Basins, Book,
1601, Integrated Learning for ERP Success: A Learning Requirements Planning Approach, Book,
40, Renovations: A Father and Son Rebuild a House and Rediscover Each Other, Book,
1452," Luftwaffe Vs. Raf: Flying Clothing of the Air War, 1939-45 (Schiffer Military/Aviation History)", Book,
726, France, Video,
1425," Workbook in Spanish First Year (2nd Ed., R 44 W)", Book,
2319, In the Time of the Butterflies, Book,
1005, Second Helpings from Union Square Cafe: 160 New Recipes from New York's Favorite Restaurant, Book,
2003, New Insights in Modern Astrology, Book,
1108, Anthroposophy and Astrology : The Astronomical Letters of Elizabeth Vreede, Book,
2043," Michelin THE GREEN GUIDE New York-New Jersey-Pennsylvania, 2e", Book,
1926, Abba's Child: The Cry of the Heart for Intimate Belonging, Book,
761, Marilyn-Her Life in Her Own Words: Marilyn Monroe's Revealing Last Words and Photographs, Book,
170, Lafayette, Book,
677, Ben Hogan's Five Lessons : The Modern Fundamentals of Golf, Book,
2386, The Price of Passion (Avon Romance), Book,
163, Messages to Our Family, Book,
1045," The Best of Operetta, Vol. 2", Music,
443, Faith and Justification (Studies in Dogmatics), Book,
1959, Living in Spanglish: The Search for Latino Identity in America, Book,
180, Barney: Sing and Dance with Barney, Video,
429, Colour Meditations, Book,
157, What about Spiritual Warfare?, Book,
2378, Following God: Learning Life Principles from the New Testament Men of Faith (Following God Series), Book,
1973, Transportation, Book,
2020," The Minority Report and Other Classic Stories (Dick, Philip K. Short Stories.)", Book,
1931, Applied Blood Group Serology, Book,
14, Later..., Music,
2004, Twinnings, Music,
95," The Heavy Flak Guns, 1933-1945: 88Mm, 105Mm, 128Mm, 150Mm, and Ballistic Directional Equipment", Book,
638, Songs Without Words, Music,
929," Beeswax: Production, Harvesting, Processing and Products", Book,
119," Black Friday (Soul Survivor Series, Bk. 4)", Book,
1962, Five Days in July, Music,
2404, The Secret of Gumbo Grove, Book,
36, Uists & Barra (Pevensey Island guides), Book,
52, Secrets of Gypsy Love Magick (Llewellyn's New Age Series), Book,
4, Life Application Bible Commentary: 1 and 2 Timothy and Titus, Book,
1884," Current Procedural Terminology: CPT 2001 (Standard Edition, Spiral-Bound Version)", Book,
267, Unwinnable Wars: American Power and Ethnic Conflict, Book,
888, Bedlam, Music,
705," Look Out, Jack! the Giant Is Back", Book,
1720, Rabbi Abraham Ibn Ezra: Studies in the Writings of a Twelfth-Century Jewish Polymath (Harvard Judaic Texts and Studies), Book,
398, Cobra: Original Motion Picture Soundtrack (1986 Film), Music,
2588, 7, Music,
384, Jewish History in 100 Nutshells, Book,
551, Vince Lombardi Video Football Card, Video,
746, Faith in the Face of Apostasy: The Gospel According to Elijah and Elisha (The Gospel According to the Old Testament), Book,
996, No One Can Hear You, DVD,
1497, How to Finance a Growing Business: An Insider's Guide to Negotiating the Capital Markets, Book,
2411, Every Eye Beholds You: A World Treasury of Prayer, Book,
334, Getting Ready for Marriage Workbook : How to Really Get to Know the Person You're Going to Marry, Book,
2353, Simulation and Chaotic Behavior of A-stable Stochastic Processes (Pure and Applied Mathematics (Marcel Dekker)), Book,
2165, Profiting from Emerging Market Stocks, Book,
1013," An Introduction to Programming with Visual Basic.NET, Fifth Edition", Book,
2367, Smart Business Solutions: Direct Marketing and Customer Management, Book,
511," Verdi - Il Trovatore / Levine, Milnes, Marton, Pavarotti, Metropolitan Opera", DVD,
758, Washed Up and Through the Ringer, Music,
1965, Inner Speed Secrets Mental Strategies to Maximize Your Racing Performance: Strategies to Maximize Your Racing Performance, Book,
1118, Where Is Thumbkin?, Music,
1081, Desperation, Book,
1749, Rain of a Thousand Flames, Music,
2104, Mimi's Tutu, Book,
2593, The Irish Enchantress (Zebra Historical Romance S.), Book,
1133, Angola:  Promises and Lies, Book,
1941, Incantations magiques syriaques., Book,
298, Tower for the Summer Heat, Book,
1852, M. Hulot's Holiday - Criterion Collection, DVD,
1793, Vivaldi - Gloria · Magnificat / Concerto Italiano · Rinaldo Alessandrini [+ Bonus CD · Catalogue 2000], Music,
2012, The MAGIC YEARS, Book,
2401," God's Diet : A Short and Simple Way to Eat Naturally, Lose Weight, and Live a Healthier Life", Book,
2304, Looking for Cassandra Jane, Book,
408, Christmas at Boots' Place, Music,
2623, Time and Tide, Music,
1, Patterns of Preaching: A Sermon Sampler, Book,
1038, Highly Available Storage for Windows Servers, Book,
1877, Jim Church's Essential Guide to Composition : A Simplified Approach to Taking Better Underwater Pictures, Book,
826, How Is Jesus Different from Other Religious Leaders? (Examine the Evidence), Book,
1253, Why Be a Mediocre Christian, Book,
1306, About a Boy (Movie Tie-In), Book,
695, The Healing Labyrinth: Finding Your Path to Inner Peace, Book,
451, Memories of Lafayette, Book,
2541, Poets of the Great War, Book,
1898, Coaching Ymca Champions Flag Football, Book,
1142, The Lives of the Holy Prophets, Book,
704, Thunder From the Clear Sky, Book,
1037, The Last Temptation: A Novel, Book,
1914, Random House Webster's Student Notebook Writers' Guide, Book,
383, Live At Gilley's, Music,
2423," Much Depends on Dinner: The Extraordinary History and Mythology, Allure and Obsessions, Perils and Taboos, of an Ordinary Meal", Book,
1773," Continuous Quality Improvement in Health Care: Theory, Implementation, and Applications", Book,
430, LabVIEW for Data Acquisition, Book,
2263, War and Peace : BBC (BBC Radio Presents), Book,
1632, Pocket Companion to Obstetrics: Normal & Problem Pregnancies, Book,
2587, Love and Responsibility, Book,
1516, Best of Albertina Walker, Music,
790," The Machine at Work: Technology, Work, and Organization", Book,
592, Buster's Diaries : The True Story of a Dog and His Man, Book,
1043," The Best of Operetta, Vol. 1", Music,
228, Hollywood Agents & Managers Directory (Hollywood Representation Directory), Book,
641, Perfect Fit, Music,
2473, Flowermouth, Music,
1479, Corazones, Music,
2672, Schubert: Solo Piano Works, Music,
971, I Maccabees (Anchor Bible), Book,
2089, Diabolis Interium, Music,
1055," Haynes Chrysler LHS Concorde, 300M, Dodge Intrepid 1998-2001 Repair Manual", Book,
2281, Differences Between Bible Versions, Book,
1942, Understanding Children and Adolescents (4th Edition), Book,
702, Just The Faq*s About The Bible, Book,
1815, Advertising (Lucent Overview Series), Book,
1676, Smiddyburn / Flittin, Music,
1669, The Ark, Book,
2182, Romans in a New World: Classical Models in Sixteenth-Century Spanish America, Book,
595, Masada, Music,
1485, Ven Conmigo, Music,
1672, The Evolution of Culture in Animals, Book,
2418, Papa Was a Boy in Gray, Book,
763, Nana, Book,
1570, Babylon 5: Walkabout (TV Series Episode), Music,
184, Physicians of the Soul: The Psychologies of the World's Greatest Spiritual Leaders, Book,
1644, The Shaping of a Life : A Spiritual Landscape, Book,
2522, Base Ten Activities (30110), Book,
1875, Motherlove (Sharing Nature With Children Book), Book,
817, Moses Goes to A Concert, Book,
1913, The Champion, Book,
935, Down Ass Chick/Smokin' and Ridin', Music,
1092, She, Music,
2556," Specters of Marx: The State of the Debt, the Work of Mourning, and the New International", Book,
2497, Ithanalin's Restoration (Ethshar), Book,
578, By the Light of the Moon, Book,
1591, Charlie Chan - The Chinese Cat, Video,
2002, Heavenly Answers to Earthly Questions: Simple Lessons for a Life Worth Living, Book,
2456, Paintball! : Strategies & Tactics, Book,
1927," Periodicity and the S- And P-Block Elements (Oxford Chemistry Primers, 51)", Book,
1162, Relationship Pain: Why We Get Hurt and What to Do About It, Book,
2600, I Will Be Here, Book,
2312, Ready-to-Use Trades and Services Silhouettes (Clip Art), Book,
759, Tiger Man, Music,
1447, How to Make Love Six Nights a Week, Book,
2207," Business Law: Ethical, International and E-Commerce Environment (4th Edition)", Book,
2166," Mama, Do You Love Me?", Book,
1908, Strauss:The Magic of Vienna, DVD,
989, Oh What a Lovely War (Methuen Modern Play), Book,
1135, Copycat Marketing 101: How to Copycat Your Way to Wealth, Book,
2023, Powerboating: A Woman's Guide, Book,
1397, Restless Breed, Music,
1126, Hands, Music,
1492, DK Nature Encyclopedia, Book,
1784, End of Time: A Meditation on the Philosophy of History, Book,
615, Testifyin'!: Live at the Village Vanguard, Music,
1868, Detour : My Bipolar Road Trip in 4-D, Book,
338, The Crossbow Murder, Book,
1792, Bienvenido a Casa, Music,
1187, It All Begins with a Date: Jewish Concerns about Intermarriage : Jewish Concerns about Intermarriage, Book,
684," Path of Daggers (The Wheel of Time, 8)", Book,
686, Soundstage: The Andy Kaufman Show, DVD,
2413, Catherine McAuley and the Tradition of Mercy, Book,
1788," Before the Wilderness: Environmental Management by Native Californians (Ballena Press Anthropological Papers, No. 40)", Book,
1157, Subterranean Jungle, Music,
2005, Life Out of Death: The Feminine Spirit in El Salvador, Book,
1096, Walkabout (1971 Film), Music,
2626," White Light, Third Edition", Book,
1049, Devil Hunter Yohko Collection 1, DVD,
2402, The Seasons of a Woman's Life, Book,
2117, Electronic Warfare in the Information Age, Book,
2244, Bagpipes & Brass, Music,
1718, Hungry, Music,
1798, Ultimate Sticker Book : Animal (The Ultimate Sticker Book), Book,
1511, The Boss, Music,
1583, The Yes Album [Bonus Tracks], Music,
378, Time and the Verb: A Guide to Tense and Aspect, Book,
1683, Weird Al Yankovic - Live, DVD,
140, Power & Greed: A Short History of the World, Book,
24," The Casebook of Sherlock Holmes, Volume 2 (Casebook of Sherlock Holmes)", Book,
1002, Family Nurse Practitioner: Certification Review (Family Nurse Practitioner Certification Review), Book,
2058, McNally's Alibi: An Archy McNally Novel (Archy McNally Novels), Book,
1379, Alif Baa: Introduction to Arabic Letters and Sounds, Book,
2669," In Focus Guatemala: A Guide to the People, Politics and Culture", Book,
2065, The Tightwad Gazette III: Promoting Thrift as a Viable Alternative Lifestyle, Book,
404, Charm School, Book,
963, Convergent Architecture: Building Model Driven J2EE Systems with UML, Book,
1473, The Camphor Flame, Book,
453, Made in Japan, Music,
1680," Experiences in Movement with Music, Activities, and Theory", Book,
335, Beyond the Twin Deficits: A Trade Strategy for the 1990s, Book,
1853, Kipper's Sunny Day: [Lift the Flap], Book,
1432, The Triathlete's Training Diary for Dummies, Book,
1674, Best of: Original Hits V.2, Music,
1085," Working Beneath the Surface: Attending to the Soul's ""Hidden Agenda"" for Wholeness, Fulfillment, and Deep Spiritual Healing", Book,
2552," The Everything Ghost Book: Spooky Stories of Haunted Houses, Phantom Spirits, Unexplained Mysteries, and More (Everything Series)", Book,
894, The Abacus : The World's First Computer System (Includes a Working Abacus), Book,
1580, Tiny Bites: A Guide to Gastric Surgery for the Morbidly Obese, Book,
1237," The Elephant in the Dark : Christianity, Islam and the Sufis", Book,
1833, Danish: An Essential Grammar (Routledge Grammars), Book,
363, Danzig III: How the Gods Kill, Music,
2647," Being America : Liberty, Commerce, and Violence in an American World", Book,
1615, Dragon Ball Z - Babidi - Rivals, DVD,
227, Lush Mechanique, Music,
303, The Vision, Book,
110, Casanova in Bohemia : A Novel, Book,
807, Lacan and Language: A Reader's Guide to Ecrits, Book,
1168, Blade Runner: Orchestral Adaptation Of Music Composed For The Motion Picture By Vangelis, Music,
2572, Death of the Church, Book,
2606," New Testament Apocrypha, Gospels and Related Writings", Book,
1642, A Hint of Heather (Seduction Romance), Book,
1937, Final Blackout, Book,
2629, Chinese Houses and Gardens, Book,
1199, Sunlight On The Lawn (Beverley Nichols Trilogy Book 3), Book,
288, Unnatural Causes, Book,
1061, Producing Vegetable Crops (5th Edition), Book,
2114, Voices of the Doumbek, Video,
472, Teachers' Messages for Report Cards: English-Spanish Edition, Book,
2235, Second Exodus, Book,
886, Decorative Mini Murals You Can Paint, Book,
1255," Now, Pt. 1", Music,
2196, Lethal Weapon 3, DVD,
2038, Fletch, DVD,
42, Pixote, DVD,
2033, Netsuke: Fantasy and Reality in Japanese Miniature Sculpture, Book,
766, Essex Boys, Video,
284, Brazil, Book,
930, Verdun, Music,
1781, I Am Water (soy El Agua) Level 1 (Hello Reader), Book,
1354, Bruce Lee's Fighting Method, Video,
1082, Mulch Ado About Nothing : A Jane Jeffry Mystery (Jane Jeffry Mysteries (Paperback)), Book,
1856, The Scarlet Empress - Criterion Collection, DVD,
1598, Greatest Hits, Music,
698, On Becoming a Novelist, Book,
1602, Buzz & Flutter's Big Electronic Game Book : Big Electronic Game Books (Readers Digest Young Families), Book,
2158, Julian's Cell: The Earthy Story of Julian of Norwich, Book,
2455, Second Hand Smoke, Book,
1808," Currency Derivatives : Pricing Theory, Exotic Options, and Hedging Applications (Wiley Series in Financial Engineering)", Book,
559, The Archaeology of Ancient Israel, Book,
1971, Quest: The Ultimate Sourcebook for Next to Nothing Adventure Travel, Book,
2384," Women, Family and Society in Medieval Europe: Historical Essays, 1978-1991", Book,
2636," Chrismons, They Point to Jesus", Book,
290," The Best of Famous Monsters of Filmland, Vol. #1", Book,
1810, Laura's Album: A Remembrance Scrapbook of Laura Ingalls Wilder, Book,
2508, Encounters in Ethnomusicology: A Memoir (Detroit Monographs in Musicology), Book,
2453, Wisconsin, Book,
21, The Time Machine, DVD,
362, What's Your Name, Music,
2407, Code Of Silence : The Andre Coppage Story, Book,
690, The MAN WHO ONCE WAS WHIZZER WHITE : A PORTRAIT OF JUSTICE BYRON R WHITE, Book,
1433, Robin and Lucienne Day: Pioneers of Modern Design, Book,
1659, Fundamentals of Engineering Thermodynamics Appendices, Book,
158, John Wayne 2 Pack (The Man from Utah / The Star Packer / Sagebrush Trail / Riders of Destiny), DVD,
321, What Happens After I Die?: Jewish Views of Life After Death, Book,
167, Total Immersion, Book,
732," Education for Values: Morals, Ethics and Citizenship in Contemporary Teaching", Book,
371, Application of Chaos Theory to Psychological Models, Book,
1947, A New Vision for Israel: The Teachings of Jesus in National Context (Studying the Historical Jesus), Book,
2099, Chemistry for Dummies, Book,
1018, Ruder Than You: Best of British Ska, Music,
1831, Hanging On to Max, Book,
952, The Rules of Silence, Book,
2284," Traetta - Antigona / Bayo, Panzarella, Allemano, Polverelli, Ragon, Les talens lyriques, Rousset", Music,
769, The Yellow Room, Music,
1074, Scherzos (Music Scores), Book,
9, Making Bread: The Taste of Traditional Home-Baking, Book,
509, Flavors of St. Augustine: An Historic Cookbook, Book,
300, Kaleidoscope (Doodle Art Super Tubes), Book,
1023, Grayson's Diseases of the Cornea, Book,
883, Dixie Carter's Unworkout, Video,
1022, Bringing in a New Era in Character Education, Book,
2631, X Raisons, Music,
727, Teresa of Avila : The Progress of a Soul, Book,
261, The Harvard Design School Guide to Shopping / Harvard Design School Project on the City 2, Book,
1860, Fieras Lunaticas, Music,
156, Parrot Heads in Paradise, Video,
603, Everyones Sleepy, Book,
2145, Duino Elegies : A Bilingual Edition, Book,
35, Burnt Toast on Davenport Street, Book,
1895, Beauty and the Beast Stickers (Dover Little Activity Books), Book,
179, Africa Screams/Jack & The Bean, DVD,
1564, Thug Disease [Lovin' Paper Music], Music,
1996," Dragon Ball, Vol. 10", Book,
741, Chicken Soup for the Teenage Soul Journal (Chicken Soup for the Soul), Book,
2236, Plains, Music,
890, Tab in the Ocean, Music,
2175, Coldheart Canyon: A Hollywood Ghost Story, Book,
2379, Bruce Chatwin : A Biography, Book,
596, American Patriot, Music,
1574, A Playdate With Death (Mommy-Track Mysteries (Hardcover)), Book,
2063, Gunfight at the O.K. Corral, Book,
2618, Surprise!, Book,
1494, The Signed English Starter (The Signed English Series), Book,
1621, I Love Lucy - Season One (Vol. 4), DVD,
502, Musicology and Difference: Gender and Sexuality in Music Scholarship, Book,
588, Southern Slavery: As It Was, Book,
1359," Specter of the Past (Star Wars: The Hand of Thrawn, Book One)", Book,
2462, The Practical Gardener's Encyclopedia, Book,
865, My Wife Doesn't Cook (A Survival Guide For Men), Book,
2347, King's Christmas Collection, Music,
6, How the Other Half Lives: Studies Among the Tenements of New York, Book,
2132, Art for Dummies, Book,
545, The Helix Factor II : The Implementer's Edition, Book,
1772," Looking Out, Looking In", Book,
1754," Boarders Away, Volume II: Firearms of the Age of Fighting Sail", Book,
2650, The Calling: Celebrating Sarah Vaughan, Music,
1257, The Sinatra Files : The Secret FBI Dossier, Book,
1910," The Complete Illustrated Guide to Woodworking - Three Volume Set: The Complete Illustrated Guide to Shaping Wood, The Complete Illustrated Guide to Furniture and Cabinet Construction, and The Complete Illustrated Guide to Joinery", Book,
1091, Human Measure: Social Thought in the Western Legal Tradition, Book,
941," Will I [US CD/12""]", Music,
73, The Perfect Plan (7th Heaven), Book,
663, Los Angeles Wedding Planner, Book,
2007, Heart of Darkness: With the Congo Diary (Penguin Classics), Book,
194, Viva La Monkeysuit, Book,
2232, Steve Wariner, Music,
465, Awake and Breathe, Music,
887," Pak Proxy War: A Story of ISI, bin Laden and Kargil", Book,
421, Japanese Designs (Dover Pictorial Archive Series), Book,
1069, Best of Shari Lewis' Lamb Chop & Friends, Video,
1357, David's Story: A Book About Surgery (Meeting the Challenge), Book,
1462, Best Easy Day Hikes Grand Teton, Book,
2320, Making Music with Your Computer 2E, Book,
1370, Architects' Data, Book,
2094, Madonna (Pop Culture Legends), Book,
832, Magick Stamp Kit, Book,
610, Calli's Outlaw, Book,
2433, Gourmet Paris 2002, Book,
1594, Lorenzo 1997: L'Albero, Music,
854, The Fearless Executive, Book,
64, A Charlie Brown Christmas, Book,
659," Identity, Vol. 2", Music,
1189, Eye Spy Colors (Peephole Books) (Peephole Books (Charlesbridge)), Book,
1821, Hemingway's Quarrel With Androgyny, Book,
1799, Ipsis Quest, Music,
352, Motown Party, Music,
1608, Rag & Bone Buffet, Music,
51, Out on the Edge: A Wake-Up Call for Church Leaders on the Edge of the Media Reformation, Book,
1657, Two Tenors & Qantara: Historic Live Recording of Arabic Masters, Music,
2261, Biblia Del Diario Vivir, Book,
1244," ""The Times"" Book of Quotations", Book,
2544, Rich Man's Coffin, Book,
2332, Hula Workout for Weight Loss, Video,
1362, An Italian in America, Book,
1109, Introducing Camus (Introducing...(Totem)), Book,
1129, Rick Springfield - Greatest Hits...Alive, Music,
1729, Cahiers de Droit Fiscal International:Form and Substance in Tax Law (Cahiers De Droit Fiscal International), Book,
1735, Tornadoes, Book,
885, Insights of Genius: Imagery and Creativity in Science and Art, Book,
576, Society: The Basics, Book,
897, Recycled, Music,
1185, One Sleepy Baby (Growing Tree), Book,
244, Phonics Pathways, Book,
1032, German Medieval Armies 1000-1300 (Men-at-Arms Series), Book,
1499, Creative Dance for All Ages: A Conceptual Approach, Book,
293, Riddle, Music,
2457, The Devil's Lane: Sex and Race in the Early South, Book,
2598, Pulsed Neural Networks (Bradford Books), Book,
1984, Advanced Microprocessors, Book,
1630, Fear No Evil (St. Martin's True Crime Library), Book,
1302, MWSS : Object-Oriented Design in Java (Mitchell Waite Signature Series), Book,
1136," You Are That! Satsang With Gangaji, Volume 2 (You Are That!)", Book,
67, Picture Me With My Friend Jesus: Girl Version (Picture Me), Book,
1267, Back Stage, DVD,
905, Yudo: Korean Judo, Video,
172, Cherokee Bat and the Goat Guys (Weetzie Bat), Book,
2291, Let's Wiggle, Music,
391," The Gospel of Peace, According to Guru Granth Sahib", Book,
1060, Future of the Disabled in Liberal Society: An Ethical Analysis (Revisions), Book,
1901," Verdi - Otello / Domingo, Studer, Leiferkus, Vargas, D. Graves, Schade, D'Arcangelo, Chung", Music,
1879, Deadbeat at Dawn (Special Edition), DVD,
1907, Great Works For Harp, Music,
532, Evangelism And Missions, Book,
2338, Pete Moulton's A+ Training Course: A Digital Seminar on CD-ROM (2nd Edition), Book,
2072, 15 Grandes Exitos de Nicola Di Bari en Espanol, Music,
1530, Punktown, Book,
92, Black No More : A Novel (Modern Library (Paperback)), Book,
986, Little Miss Dynamite [Bear Family], Music,
101, Separation Of Power, Book,
318, Take Me Out to the Ballpark: A Baseball Watcher's Guide to the Game, Book,
2521, Easter Crack-Ups: Knock-Knock Jokes Funny-Side Up (Lift-the-Flap Knock-Knock Book), Book,
1496, Live for Now, Music,
1935, celtic groove brand, Music,
740, The Long Life Cookbook : Delectable Recipes for Two (Long Life Book), Book,
939, Titanic, Video,
313, Diversity: The Invention of A Concept, Book,
2517, Sound of a Miracle: A Childs Triumph over Autism, Book,
1946," Chojun Miyagi Goju Ryu Karate Do Body, Mind & Spirit", DVD,
1236, The Failure of Presidential Democracy : The Case of Latin America (Failure of Presidential Democracy), Book,
2199, Nato's Air War for Kosovo: A Strategic and Operational Assessment (Project Air Force Series on Operation Allied Force), Book,
2432," The Church We Believe in: One, Holy, Catholic, and Apostolic", Book,
614," Building Machines (Pamphlet Architecture, No 12)", Book,
1167, Timeless Sound, Music,
896, An Intellectual History of Psychology, Book,
1893, Dvorak: Symphonies Nos. 7-9; Smetana: The Moldau, Music,
1770, Amethyst Rock Star, Music,
367, Fresh Meat, Music,
1599, The Compact History of the Catholic Church, Book,
1296, Mosaics: Design Sourcebook (Design Sourcebooks), Book,
2352, How Democracy Will Elect the Antichrist, Book,
2448, Financial Success : Harnessing the Power of Creative Thought, Book,
136," Understanding Islam: An Introduction to the Muslim World, Third Revised and Updated Edition", Book,
2613, Classics for a Sunday Morning, Music,
2414, The Legend of Freedom Hill, Book,
2056, Body and Soul [Bonus Tracks], Music,
626, Real-World Readings in Art Education: Things Your Professor Never Told You (Garland Reference Library of Social Science), Book,
611, Berlitz China (Berlitz Pocket Guides), Book,
178, They Walked With Jesus: Past Life Experience With Christ, Book,
1062, Car Insurance Secrets, Book,
1800, Light House, Book,
1171, Eighty Great Natural Shade Garden Plants (Ken Druse's Natural Garden Guides), Book,
750, Emotions and Fieldwork (Qualitative Research Methods), Book,
27, The Columbia Anthology of Gay Literature, Book,
640, New Haven Negroes: A Social History, Book,
948, Impurity, Music,
1541, From Inquiry to Argument, Book,
703, Semiconductor Sensors, Book,
49, Murder She Wrote, Music,
1824, Modern Psychotherapies: A Comprehensive Christian Appraisal, Book,
2568," Choose Florida For Retirement, 2nd Edition (Choose retirement)", Book,
819, Stalker, DVD,
2083, The Sandor Ferenczi-Georg Groddeck Correspondence 1921-1933, Book,
968, J.M.W. Turner, Book,
1675, Tex Mex 101, Book,
2092, All About Love/Magnificent Obsession, Music,
84, The Best of Schoolhouse Rock! - 30th Anniversary Edition, Video,
2049, Tango Magic, Video,
1351, Serie 2 Em 1 V.1, Music,
419, Your Cosmic Kids: Using Astrology to Understand Your Children, Book,
2017, The Very Best of Sting and the Police, Book,
1565, Billy Joel - The Essential Video Collection, DVD,
700, On Ethics and Economics, Book,
474, A Simple Path, Book,
1986, Turnagain Ptarmigan! Where Did You Go?, Book,
1212, Classics in Group Psychotherapy, Book,
1465, Life Without Guilt: Healing Through Past Life Regression, Book,
2, Candlemas: Feast of Flames, Book,
2395, Lady for a Night, Video,
8, Losing Matt Shepard, Book,
1119, Cars Trucks & Trains, Music,
835, Gospel in Esther, Book,
1186, Uniting Church and Home Conference Album, Book,
1597, Rhythm of the Ocean, Music,
406, The Taoist Experience: An Anthology (S U N Y Series in Chinese Philosophy and Culture), Book,
392, Elementary Number Theory (Student's Solution Manual), Book,
2547, The Art of Spiritual Guidance, Book,
343, Term Sheets & Valuations - A Line by Line Look at the Intricacies of Venture Capital Term Sheets & Valuations (Bigwig Briefs), Book,
72, Power of Flowers: An Archetypal Journey Through Nature, Book,
541, Forgetting Whose We Are: Alzheimer's Disease and the Love of God, Book,
448, Making Change Happen : Practical Planning for School Leaders, Book,
1254, Invisible Harmony: Essays on Contemplation and Responsibility, Book,
2197, MCSA/MCSE 2000: Windows 2000 Professional (70-210) PASS-IT Exam Preparation, Book,
2098, Oxford Dictionary of English Etymology, Book,
1202, The Martian Chronicles, Book,
2247, Fibonacci's Liber Abaci, Book,
1890, Breath from Another, Music,
924, Witness: Systematic Theology (Systematic Theology (Abingdon)), Book,
2537, Raising Kids to Love Jesus: A Biblical Guide for Parents, Book,
129, Cpt 2003: Current Procedural Terminology (Cpt / Current Procedural Terminology (Standard Edition)), Book,
1491, Cujo, DVD,
2429, Advanced Financial Accounting, Book,
483, Stardust, Music,
2640, The Interfacers, Book,
1421, Human Personality and Its Survival of Bodily Death (Studies in Consciousness), Book,
1110, The Amethyst Heart, Book,
115, Growing Millionaire Kids, Book,
975, Secret Service Agent/Uniformed (Passbooks for Career Opportunities), Book,
2254, Wars of Watergate: The Last Crisis of Richard Nixon, Book,
631, The Essential Baking Cookbook (The Essential Series), Book,
2271, Breakthrough, Book,
977, Architecture for Education: New School Designs from the Chicago Competition, Book,
2177, Dog Training in 10 Minutes (Howell Reference Books), Book,
1004, The Best of Keola and Kapono Beamer, Music,
1346, A Country Doctor (Bantam Classic), Book,
836, Serpieri the Sweet Smell of Woman, Book,
2134, Tennis: Olympic Handbook of Sports Medicine, Book,
1738, KJV Large Print Text Edition Hardback (Authorized King James Version), Book,
1374, Darkness Descends, Music,
2241, How to Prepare for the Advanced Placement Exam Physics B (Barron's How to Prepare for the Advanced Placement Examination. Physics B), Book,
1573, Fragile [Bonus Tracks], Music,
678, Policy on Geometric Design of Highways and Streets 2001, Book,
689, Labour and Locality: Uneven Development and the Rural Labour Process (Critical Perspectives on Rural Change Series IV), Book,
810," Ev'Ry Time I Feel the Spirit: 101 Best-Loved Psalms, Gospel Hymns, and Spiritual Songs of the African-American Church", Book,
987, PCMCIA Software Developer's Handbook, Book,
1246," Uses of the Other: ""The East"" in European Identity Formation (Borderlines)", Book,
1934, New Millennium Hip-Hop Party, Music,
602, Countdown to Extinction, Music,
1956, GRE Prep Course (with Software), Book,
424, Andrea Palladio 1508-1580: Architect Between the Renaissance and Baroque (Big Series), Book,
108, General Ophthalmology, Book,
282, Son of the Mob (Son of the Mob (Hardcover)), Book,
2217, Dear God: Prayers for Families With Children, Book,
411, Rachel's Song, Music,
676, In The Big Band Mood, Music,
1330, Is He Gay? : For Every Woman Who's Met the Ideal Man and is Wondering...Why Hasn't he Tried to Kiss Me?, Book,
2062, He Reigns/Thrive, Music,
1321, Christmas Cats and Dogs: Quilts to Celebrate the Season (That Patchwork Place), Book,
1961, Down Time: Great Writers on Diving, Book,
1377, Irrationality: Why We Don't Think Straight!, Book,
2535, The Glass Menagerie CD, Book,
873, Justinian's Institutes: A Parallel Text and Transaltion, Book,
2421, Killing Blow:  Errand of Vengeance Book Two (Star Trek The Original Series), Book,
909, Bridges of Song-Music of the Spanish Jews of Morocco, Music,
360, Danzig II: Lucifuge, Music,
1194," Monteverdi - L'Incoronazione di Poppea / Jacobs, Concerto Koln", DVD,
2645, Robert Oppenheimer: Letters and Recollections (Stanford Nuclear Age Series), Book,
2579," Twisters! (Step-Into-Reading, Step 3)", Book,
1277, Intimate Loving: Seduction For Lovers, Video,
1999, Bullets Over Broadway: Music From The Motion Picture, Music,
2601, Toujours moi, Music,
1467, Food Combining Cookbook, Book,
707, Woodlands in Cross Stitch (Cross Stitch Ser), Book,
1628, Top-Down Network Design, Book,
242, Wire Fox Terrier: A Complete and Reliable Handbook (Rx-100), Book,
617," So, Who Do You Think You Are?: Face Your Wounds, Heal Them, and Change Your Life", Book,
667, Atlas of Approaches for General Surgery of the Dog and Cat, Book,
1655," Latin Oldies, Vol. 4", Music,
2325, The Consultant's Big Book of Organization Development Tools : 50 Reproducible Intervention Tools to Help Solve Your Clients' Problems, Book,
627, Prophecies of the Bible, Book,
1595, The Disciplined Online Investor, Book,
420," Doomed Planet (Mission Earth, Vol 10)", Book,
2234, After Dark, Book,
317, Roadside (2001 Off-Broadway Cast), Music,
2009, Crippled Giant: Nigeria Since Independence, Book,
2374, Oppenheim Toy Portfolio Baby & Toddler Play Book (Second Edition) (Oppenheim Toy Portfolio Baby & Toddler Play Book), Book,
345, Corrections in America: An Introduction (9th Edition), Book,
1319, Diana Ross [1970] [Bonus Tracks], Music,
301," Slowing Down to the Speed of Life: How To Create A More Peaceful, Simpler Life From the Inside Out", Book,
1992, Joni Mitchell: Painting with Words and Music, Video,
1900, The Boy in the Burning House, Book,
1554," Lake Street, U.S.A.", Book,
1881," Bad Girl's Three-Book Set: Bad Girl's Guide to the Open Road, Bad Girl's Guide to Getting What You Want, Bad Girl's Guide to the Party Life", Book,
1653, Graveyard Shift, DVD,
911, Care of the Soul: A Guide for Cultivating Depth and Sacredness in Everyday Life, Book,
1618, Dead Heart, Video,
1273, Earth Wind & Fire - Live, DVD,
2532, Atlas Shrugged, Book,
422, Mercedes (2-Volumes in 1 Book), Book,
2307, The Epistles to the Thessalonians: A Commentary on the Greek Text (New International Greek Testament Commentary), Book,
1514, Design Modeling with Pro/ENGINEER (Release 2001), Book,
2611, Study of History (Study of History), Book,
857," Radio Science Observing, Vol. 2", Book,
1279, Biology: Principles and Explorations, Book,
50, Still Life, Music,
1228," Custer, Black Kettle, and the Fight on the Washita", Book,
60," Renaissance Music: Music in Western Europe, 1400-1600 (Norton Introduction to Music History)", Book,
645," Chinese Country Antiques: Vernacular Furniture and Accessories, C. 1780-1920", Book,
1535, Verdi - Stiffelio / Carreras · Sass · Manuguerra · Ganzarolli · ORF Symphony Orchestra and Chorus Vienna · Gardelli, Music,
1629, A Handbook of World Trade, Book,
1311, Beyond Prozac : Antidotes for Modern Times, Book,
1864, A Traveller's History of Australia (The Traveller's History Series), Book,
2116, Powerplay (NC-17), Video,
2592, The Letter of James (Pillar New Testament Commentary), Book,
754, The Five Heartbeats, Video,
229, Bob Newhart - Button Down Concert - Off the Record, Video,
1983," WTO Disputes: Anti-Dumping, Subsidies & Safeguards", Book,
1139, Believing in Jesus: A Popular Overview of the Catholic Faith, Book,
1415, Christmas at the Pops [RCA], Music,
493, Procedures for Primary Care Providers, Book,
1243," Japanese Schooling: Patterns of Socialization, Equality, and Political Control", Book,
2333, Committed, Music,
1095, The Golden Chance, Book,
2447, Victorian Dwellings for Village and Country (1885) (Dover Books on Architecture), Book,
605, Dark Specter (Vintage Crime/Black Lizard), Book,
1323, Twice Pardoned, Book,
2608, Christmas in Morning After: Celebration in Brass, Music,
2057, Java Connector Architecture: Building Enterprise Adaptors, Book,
1658, Brands in the Balance: Meeting the Challenges to Commercial Identity, Book,
649, Cowboy Bebop - Session 2, DVD,
2646, Arab-Israeli Air Wars 1947-1982 (Osprey Combat Aircraft 23), Book,
675, Generation Xercise! Debra Minghi's Cardio DJ Club Workout, Video,
1066, Public Life in Renaissance Florence (Cornell Paperbacks), Book,
1863, Witness Guide for Deposition or Court, Book,
1137, Born in the U.S.A.: Bruce Springsteen and the American Tradition, Book,
1356, The Power of Silence: Social and Pragmatic Perspectives (Language and Language Behavior), Book,
2322, Forensic Engineering Investigation, Book,
68, Experiencing and the Creation of Meaning: A Philosophical and Psychological Approach to the Subjective (Studies in Phenomenology and Existential Philosophy), Book,
1885," Beethoven: Symphonies Nos. 1, 2, 4, 5", Music,
1172, Another Page, Music,
1692, Paris to the Moon, Book,
1417, Tomatoes from Mars, Book,
2633, Handbook of Electrostatic Processes, Book,
1192, Teradata Users Guide: The Ultimate Companion, Book,
1523, Introductory Econometrics: A Modern Approach, Book,
564, Do Re Mi (1999 Broadway Revival Cast), Music,
2257, Del Amanecer, Music,
1072, Tiger on the Brink: Jiang Zemin and China's New Elite, Book,
1224," How to Make Smart Decisions About Training: Save Money, Time, & Frustration", Book,
1134, How Many? (Photoflaps), Book,
2356, Highly parallel computing (The Benjamin/Cummings series in computer science and engineering), Book,
186," Too Loud, Too Bright, Too Fast, Too Tight:  What to Do If You Are Sensory Defensive in an Overstimulating World", Book,
881, The Legend of Pfizer, Book,
1280, Alias Boona, Music,
2518, Order of the Leech, Music,
1391, Working in the Dark: Reflections of a Poet of the Barrio, Book,
319, Cowboy, Music,
861, Karen Voight - Energy Sprint, Video,
1003, Finding Your Voice : Learning to Lead . . . Anywhere You Want to Make a Difference, Book,
295, Inventing Criminology: Essays on the Rise of Homo Criminalis (S U N Y Series in Deviance and Social Control), Book,
907, Face2Face with babies, Video,
573, One Flew Over the Cuckoo's Nest, Book,
1314," Men and Popular Music in Algeria: The Social Significance of Rai (Modern Middle East Series (Austin, Tex.), No. 20.)", Book,
1123," Slang and Euphemism: A Dictionary of Oaths, Curses, Insults, Ethnic Slurs, Sexual Slang and Metaphor, Drug Talk, College Lingo, and Related Matters (Signet Reference)", Book,
2162, The Kitchen Idea Book (Idea Book), Book,
2245," The Spanish Redemption: Heritage, Power, and Loss on New Mexico's Upper Rio Grande", Book,
1412, Holiness : Rabbinic Judaism in the Graeco-Roman World (Religion in the First Christian Centuries), Book,
2216, The Four Books on Architecture, Book,
198, Imitation of Christ, Book,
2435," Communication for Business and the Professions, 7th edition", Book,
786, Freedom's Lawmakers: A Directory of Black Officeholders During Reconstruction, Book,
2022," Essential Fatty Acids in Health & Disease : Using the Essential Fats w3 and w6 to Improve Your Health, Lower Your Cholesterol, and Prevent Cardiovascular Disease", Book,
2293," In Good Company: The Fast Track from the Corporate World to Poverty, Chastity, and Obedience", Book,
85, Amamantar Sencillo y Puro, Book,
1309, Freddy's Nightmares: Freddy's Tricks and Treats, Video,
1360, An Introduction to the Theory of Numbers, Book,
639," Modern Oral Amdo Tibetan: A Language Primer (Studies in Linguistics and Semiotics, 5)", Book,
1995, Handbook of Bond Dissociation Energies in Organic Compounds, Book,
1420, Swords of the Legion (Videssos Cycle), Book,
682, Mystery Science Theater 3000 - The Brain That Wouldn't Die, DVD,
354, Clarissa and the Countryman Sally Forth, Book,
1850, The Case of the Cheerleading Camp Mystery (The New Adventures of Mary-Kate & Ashley #17), Book,
1611, Purification of the Mind; Discourses by Abdul Qadir Gilani, Book,
485, Nova's Ark, Book,
1392, Mellow Gold [CLEAN VERSION], Music,
1329, Miracle of Marriage, Book,
246, One More Night, Music,
827, Faith in a Mustard Seed, Book,
1787, Black Stallion and Satan (Black Stallion Series), Book,
2634, Paul McCartney Paintings, Book,
2410, Fundamentals of Mathematics for Health Careers (Health Occupations Series), Book,
1046, The Three Armadillies Tuff, Book,
2405," States, Nations and Nationalism: From the Middle Ages to the Present (Making of Europe)", Book,
2323," A+ Exam Cram 2 (Exam Cram 220-221, Exam Cram 220-222)", Book,
1087, Peterson's Two-Year Colleges 2003/Four-Year Colleges 2003 (Peterson's Annual Guides to Undergraduate Study), Book,
1446, Secret Obake Casebook, Book,
359, Best of Smooth Jazz, Music,
2205, Functional Genomics: A Practical Approach (Practical Approach Series), Book,
616, The Best of Fattburger, Music,
1070, I Believe [Single], Music,
1899, The Stations of the Cross With Pope John Paul II, Book,
2129, The Drive, Video,
181, Legacy: The Search for Ancient Cultures, Book,
1290, Oxford Textbook of Psychopathology, Book,
2176, Homeopathy: Science or Myth?, Book,
264," How to Get Filthy, Stinking Rich and Still Have Time for Great Sex! :  An Entrepreneur's Guide to Wealth and Happiness", Book,
1176, Sacramental Guidelines: A Companion to the New Catechism for Religious Educators, Book,
2237, The Promised Land (Modern Library Classics), Book,
2186, James Taylor: Long Ago and Far Away, Book,
634," The Classic Dolci of the Italian Jews, A World of Jewish Desserts", Book,
508, Business Start-up Handbook, Book,
984, Into the Widening World: International Coming-Of-Age Stories, Book,
1229, Beethoven & Brahms: Violin Concertos, Music,
2273, The Soldier's Load and the Mobility of a Nation, Book,
1063," Indian Idea of Political Resistance: Aurobindo, Tilak, Gandhi, and Ambedkar", Book,
1065, Eleanor of Aquitaine : A Life, Book,
942, Even Now [Beemark], Music,
202, The Go Go Dogs, Book,
706, A New Owners Guide to Cavalier King Charles Spaniels (New Owner's Guide To...), Book,
1730, Lessons from Privilege: The American Prep School Tradition, Book,
1140, Christmas Joy, Music,
1829, Introductory Java for Scientists and Engineers, Book,
489, German : 2nd Ed. (Basic), Book,
556, Simply Grand, Music,
892, Fighting For Honor : Japanese Americans and World War II, Book,
2016, Bridges, Music,
1395, In Utero [Clean], Music,
99, An Employee's Guide to Stock Options, Book,
2336, Forever, Music,
2504, As Time Goes By, Music,
547, The SECRET OF THE BULLS, Book,
2616, Bill Evans - 19 Arrangements for Solo Piano, Book,
2071, Top Percussion, Music,
2570, Looking for St. Tropez, Music,
515, Jazz Steppin', Music,
1542, Big Book of Pocket Knives: Identification & Values (Big Book of Pocket Knives), Book,
1993," Parodias Neo Politicas, Vol. 1", Music,
2087, Sin Killer, Book,
752," Schubert, Haydn: Piano Trios; Mozart: Piano Quartet, K. 493", Music,
635, The Bear: An American Folk Song, Book,
606, Glory for Sale: Inside the Browns' Move to Baltimore & the New NFL, Book,
575, Queen's Own Fool : A Novel of Mary Queen of Scots, Book,
2389, Joy and Healing, Book,
822, The Satanic Verses, Book,
1733," A Call to Conscience : The Landmark Speeches of Dr. Martin Luther King, Jr.", Book,
1577, Are Dragons Real?, Book,
2251, Ocular Surface Disease: Medical and Surgical Management, Book,
825, The Faith Factor : Proof of the Healing Power of Prayer, Book,
2566, Sin: Radical Evil in Soul and Society, Book,
1353," The Duel for France, 1944: The Men and Battles That Changed the Fate of Europe", Book,
520, Chet Baker Quartet Featuring Russ Freeman, Music,
974, Soca Stampede: Ultimate Trinidad 1999 Hits, Music,
1989, Laughter in the Dark (New Directions Paperbook), Book,
2118, The Warren Court and the Pursuit of Justice, Book,
1685, Fold Real Money into Real Cool Origami (Klutz Guides), Book,
882, Which Lie Did I Tell? : More Adventures in the Screen Trade, Book,
1536," Living Pictures, Missing Persons : Mannequins, Museums, and Modernity", Book,
1179, Temptation Eyes, Music,
1847, Media and Democracy in Africa, Book,
1242, Florida's Fabulous Trail Guide (Recreation Series), Book,
691, Your Amazing Newborn (A Merloyd Lawrence Book), Book,
1954, The Joy of Pi, Book,
320, Intimate Worlds, Book,
2028," Nikola Tesla - Lectures, Patents, Articles", Book,
2605, The Mystery of the Lost Village (Boxcar Children Mysteries), Book,
1616, Arabian Nights, DVD,
932, Soulshaping: Taking Care of Your Spiritual Life Through Godly Disciplines, Book,
2567, Project Orion: The True Story of the Atomic Spaceship, Book,
2144, Biochemistry Problem Book, Book,
2317, Buddy Buddy, Video,
330, Practical Skywatching (Nature Companion Series), Book,
1513, Diana, Music,
1363, High School Hazing: When Rites Become Wrongs (Single Title: Teen), Book,
2394, Ten Lectures on the Interface Between Analytic Number Theory and Harmonic Analysis (Cbms Regional Conference Series in Mathematics), Book,
1322, Going to Go-Go / Away We Go-Go, Music,
396," Botany in a Day:  Thomas J. Elpel's Herbal Field Guide to Plant Families, 4th Ed.", Book,
222, The World's Easiest Guide to Using the MLA : A User-Friendly Manual for Formatting Research Papers According to the Modern Language Association Style Guide, Book,
1361, Dancing on Tisha B'av, Book,
2583," The Sculptural Imagination: Figurative, Modernist, Minimalist", Book,
2064, Pamela's Second Season (Zebra Regency Romance), Book,
1660, Robert Louis Stevenson's St. Ives, DVD,
1460, Evil Ascending/ Dark Conspiracy Series, Book,
118, The Magic School Bus At The Waterworks : (autobus Magico Viaja Por...) (Magic School Bus), Book,
1141, Emmylou Harris - Queen of Alternative Country: Red Dirt Girl, Book,
415, How Can I Get Through To You?, Book,
2554," Glamour and Turbulence: I Remember Pan Am, 1966-91", Book,
2480, Shadrach Minkins: From Fugitive Slave to Citizen, Book,
437, Sterile Pharmaceutical Packaging: Compatibility and Stability: Technical Report 5, Book,
901, Royal Courts of the Ancient Maya: Volume 2: Case Studies, Book,
554, Trance States in Tongues, Music,
375, Accounting Procedures: The Recording Process-A Preparer's Perspective, Book,
2223, Blues Mandolin Man: The Life and Music of Yank Rachell (American Made Music Series), Book,
1606, People Like Us, Music,
265, Earth Power: Techniques of Natural Magic (Llewellyn's Practical Magick), Book,
1532, No Nuts For Me, Book,
249, Homeschooling for Excellence, Book,
2445, Coastal Fish Identification: California to Alaska, Book,
2202, Hiking Lassen Volcanic National Park, Book,
22, Come What May, Music,
133, Bloomfield Blues, Music,
1963, The Book of the Pomegranate: Moses de Leon's Sefer Ha-Rimmon, Book,
1609, How to Find Your Perfect Golf Swing, Book,
1265, Breathing Under Water, Book,
789, Sams Teach Yourself FreeBSD in 24 Hours, Book,
1836, You Need Never Lose At Bridge, Book,
2045, Garfield Gets a Life, Book,
1985, Nurturing Spirituality in Children: Simple Hands-On Activities, Book,
829, Endangered Island Animals (The Endangered Animals Series), Book,
1423, NC17, Music,
1475, A Guide for Using Romeo and Juliet in the Classroom, Book,
782, Ernest Hemingway - Wrestling With Life, Video,
1600, A Green History of the World : The Environment and the Collapse of Great Civilizations, Book,
797, Coast Redwood: A Natural and Cultural History, Book,
381, 100 Happy Naked New Yorkers, Book,
2048, Hummers: Hummingbirds of North America (Pocket Nature Guides), Book,
79, Today's Military Wife: Meeting the Challenges of Service Life (Today's Military Wife), Book,
2372, Gunsmith Cats: Misty's Run, Book,
2358, Gold Rush Days (Hitty), Book,
1325, Fortunate, Music,
2534, Creative Paper Techniques for Scrapbooks: More Than 75 Fresh Paper Craft Ideas (Memory Makers), Book,
500, A-1 Photography Practice Set for Accounting, Book,
2074, A Trap to Catch Brer Rabbit, Book,
2316, High Performance Cluster Computing: Architectures and Systems, Book,
1214, An Anthology of Beowulf Criticism., Book,
2513, Dead Heart, DVD,
275, Activity Schedules for Children With Autism: Teaching Independent Behavior (Topics in Autism), Book,
1507, Meet the Temptations, Music,
1774, The Depeche Mode Biography and Interview, Music,
1121, Something, Music,
1156, Counting Kisses, Book,
1902," Standard Time, Vol.5: The Midnight Blues", Music,
1238, Teaching Children How to Pray, Book,
720, Just David (Whole-Hearted Family Classics Collection) (Whole-Hearted Family Classics Collection), Book,
1227, Psychoeducational Assessment of Preschool Children (3rd Edition), Book,
1366, Traveling Light 2003 Block Calendar: Releasing the Burdens You Were Never Intended to Bear; The, Book,
2482," The Saint, Set 4", DVD,
884, Randomized Algorithms (Cambridge International Series on Parallel Computation), Book,
377, Systematic Design of CMOS Switched-Current Bandpass Sigma-Delta Modulators for Digital Communication Chips, Book,
2454, The Mysterious Passover Visitors, Book,
1762, Marker Rendering (Artist's Library Series/AL24), Book,
1327, Addiction, Book,
1517, Just Like Floss, Book,
112, Official Microsoft Image Composer Book, Book,
2502, Gaelic Voices, Music,
878," Frommer's Adventure Guides--Central America, 1st Edition (Frommer Other)", Book,
747, China's Military Faces the Future (Studies on Contemporary China), Book,
1193," Grandmothers Are Like Snowflakes...No Two Are Alike : Words of Wisdom, Gentle Advice, & Hilarious Observations", Book,
460, Improve Your People Skills, Book,
841, Daily Math Practice : Grades 6+ (Daily Math Practice), Book,
623," Junie B., First Grader: Cheater Pants (Junie B. Jones, 21)", Book,
366, The Book of Secrets, Music,
898, The National Geographic Traveler: Florida (National Geographic Traveler), Book,
2526, Breaking Open the Word of God : Resources for Using the Lectionary for Catechesis in the RCIA (Cycle C), Book,
2290, Let's Wiggle, Music,
195," Sixteen Scandals: 20 Years of Sex, Lies and Other Habits of Our Great Leaders", Book,
2292," We're in This Together, Pt. 3", Music,
2173," Sobotta Atlas of Human Anatomy: English Text with English Nomenclature, Volume 2", Book,
47, How to Kill a Monster (Goosebumps), Book,
818, The Sas Training Manual, Book,
2376, Godsdog, Music,
646, Hypnosis for Change, Book,
34," Southern By the Grace of God: Lynyrd Skynyrd Tribute Tour, Vol. 1", Music,
1198, Classic Wood Finishing, Book,
2054, Flight of the Reindeer : The True Story of Santa Claus and his Christmas Mission, Book,
340, Liszt (Master Musicians Series), Book,
1809, Task Force Lone Bandit, Book,
2272, How to Stir-Fry, Book,
497, Chinese Herbal Secrets: The Key to Total Health, Book,
2408," Champions in 3-D (Super Hero Role Playing, Stock No. 411)", Book,
183, Funny Teddy Bear Stickers (Dover Little Activity Books), Book,
2472, Hand Rhymes (Picture Puffins), Book,
2140, Fritz Kreisler - Early Recordings, Music,
1549," The Total-Body Yoga Workout: Lower Body, Abs, and Upper Body Yoga for Beginners", DVD,
2201, Heartbeats: New Songs from Minnesota for the AIDS Quilt Songbook, Music,
395, Leonard Bernstein (Getting to Know the World's Greatest Composers), Book,
416, Merry Christmas from Doris Day & Dinah Shore, Music,
436, Narrative of the Life of Frederick Douglass (Dover Thrift Editions), Book,
1778, Complete GED Preparation (Complete GED Preparation) (Complete Ged Preparation), Book,
2218, Feeding the Picky Eater : America's Foremost Baby and Childcare Experts Answer the Most Frequently Asked Questions, Book,
839, Pleasurecraft, DVD,
1911, Born into Trouble as the Sparks Fly Upward, Music,
1218, The Denver JobBank (Adams JobBank), Book,
1987, Capture the Moment: The Pulitzer Prize Photographs, Book,
32, Staff Meals from Chanterelle, Book,
2380, Training Methods That Work: A Handbook for Trainers, Book,
1211, Statistical Models and Methods for Lifetime Data (Wiley Series in Probability & Mathematical Statistics), Book,
879, La Mujer de Mi Hermano, Book,
2563, Beto Jamaica & Os Irmaos Jamaica: Ao Viv, Music,
917, The Murder of JFK: Confession of an Assassin, Video,
182," W.C. Fields, Vol. 1 & 2", DVD,
1826, His Mother's Son, Book,
2210, This Gum for Hire: A Chet Gecko Mystery, Book,
1572, Money for Nothing, Book,
2643, The Original Thai Cookbook, Book,
926, Foxes of the Desert: The Story of the Afrikakorps (Luftwaffe Profile Series), Book,
417, The Oxford English-Arabic Dictionary of Current Usage, Book,
1435, The Islamic World, Book,
2039," The Russian Revolution, 1917", Book,
2658, Rising from the Flames: The Experience of the Severely Burned, Book,
735, The Adventures of Brenda Bender: Bendable Wire Heroine, Book,
1804, India 1885-1947, Book,
709, Club Revelation: A Novel, Book,
871, E-Business Legal Handbook 2002, Book,
2070, How to Stay Young and Healthy in a Toxic World, Book,
94, The American Heritage Dictionary of Idioms, Book,
580, Kenton in Hi-Fi, Music,
1349," Three Complete Novels: Cold Fire, Hideaway, Key to Midnight", Book,
388, National Geographic's Land of the Anaconda, Video,
2082, All About Blue Crabs: And How to Catch Them, Book,
2365, Principles of Finance (Dantes Series : No. 46), Book,
1607, Dark Descent, DVD,
1263, The Best American Mystery Stories 2001, Book,
1916, Journey - Greatest Hits Live, Music,
1396, Immunology at a Glance (At a Glance (Blackwell)), Book,
795, Verdi: Attila, Music,
1622, The 108 Skills of Natural Born Leaders, Book,
1317, Stairway to Heaven: Led Zeppelin Uncensored, Book,
891, Journey to the Centre of the Eye, Music,
1849, 111 Days to Zion, Book,
263," Practical Survival Tips, Tricks, & Skills", Book,
2507, The Bible Cure, Book,
2133, The Cornea: Second Edition on CD-ROM (For Windows and Macintosh), Book,
1562, Fun/No Fun, Book,
2027, Practical Atlas for Bacterial Identification, Book,
2495, The Hebrew-Greek Key Word Study Bible: King James Version; Burgundy Bonded Leather, Book,
1017, History of the DC Universe, Book,
544, Masks of the World, Book,
2120, Chinese Cooking For Beginners / Cocina China Para Principiantes, Book,
1747, Be Aware of Scorpions, Music,
765, Lanechange, Music,
2609, Wake Me When It's Funny: How to Break into Show Business and Stay There, Book,
1106," Healthy Massage, Part 3: The Legs and Feet", Video,
2369, From the Files of Madison Finn: Play it Again - Book #3 (From the Files of Madison Finn), Book,
999, Insights to Performance Excellence 2001: An Inside Look at the 2001 Baldridge Award Criteria, Book,
1643, Breaking Free : A Prescription for Personal and Organizational Change (Jossey-Bass Business & Management Series), Book,
1637, The Playaz Court, DVD,
2167, Medieval Decorative Ornament (Dover Pictorial Archive Series), Book,
774, Ceol More, Music,
33," Double Jeopardy (T*Witches, 6)", Book,
2220, Heterosexual Plots and Lesbian Narratives (The Cutting Edge : Lesbian Life and Literature), Book,
1419, Snowboarding Experts: Freeriding--Race--Freestyle, Book,
2639, Anatomy: A Regional Atlas of the Human Body, Book,
2180, Microbranding: Build a Powerful Personal Brand and Beat Your Compe, Book,
444," I Hate Stanford: 303 Reasons Why You Should, Too (I Hate...)", Book,
327, Do It Yourself! Credit Repair (E-Z Legal Guide), Book,
1988, The Official Dick Van Dyke Show Book, Book,
1332, Words Were Originally Magic, Book,
2169, The Secret Garden (Bantam Classic), Book,
462, Because of Jesus, Book,
1482," Rafaello'S Mistress (Harlequin Presents, No. 2217)", Book,
2229, Danzig 4, Music,
1120, Table Manners for Kids - Tots to Teens, Video,
113, Jesus: A Life, Book,
1264, Hitchhiker's Guide to Visual Basic and SQL Server, Book,
2346, Thinking About the Baby: Gender and Transitions into Parenthood (Women in the Political Economy), Book,
1456, Donde Jugaran Las Niñas?, Music,
1519, Synthetic Division, Music,
998," How to Write a Term Paper (A Speak Out, Write on! Book)", Book,
837, Desktop Digital Studio (Sound on Sound), Book,
1858, Hawai`i's Falsetto Returns, Music,
792, The Best of Paco De Lucia, Music,
226, Presentimientos, Book,
725, Soulful Christmas [Laserlight Box Set], Music,
1175, Did My First Mother Love Me?: A Story for an Adopted Child, Book,
1500," International Tables for Crystallography: Reciprocal Space, Vol. B (International Tables for Crystallography)", Book,
1010, Barney - Barney's Adventure Bus/Imagination Island, Video,
2470, Betty Crocker's Expressipes: 100 Great Recipes in 30 Minutes or Less (Betty Crocker Home Library), Book,
2171," Fly Patterns of Umpqua Feather Merchants: The World's 1,500 Best Flies", Book,
1673, What If, Book,
651," Film Editing: History, Theory and Practice : Looking at the Invisible", Book,
1592, Operating System Concepts With Supplement, Book,
446, Audubon 365 Birds Page-A-Day Calendar 2002, Book,
2270, The AIDS-ET Connection, Book,
2381, Celtic Druids, Book,
2614, Unspeakable Joy, Music,
2573, Gel Candles : How to Make & Market Gel Candles That Sell Like Wildfire!, Book,
1668, Whitney Houston - Greatest Hits, Video,
258, Hosanna, Book,
794, Street Fighter III: Third Strike, Music,
2487, I Just Shot Myself in the Foot Again, Music,
1147, Turquoise Boy: A Navajo Legend (Native American Legends), Book,
2030, The Seekers : The Story of Man's Continuing Quest to Understand His World, Book,
1698, Cyberspace Job Search Kit 2001-2002: The Complete Guide to Online Job Seeking and Career Information (Cyberspace Job Search Kit), Book,
2172, Kalamazoo and Southwest Michigan: Golden Memories (Voices of America) (Voices of America), Book,
1007, Campfire Tales of Jackson Hole, Book,
2055," Long Life, Honey in the Heart: A Story of Initiation and Eloquence from the Shores of a Mayan Lake", Book,
1862, Spartacus - Criterion Collection, DVD,
722, American Government: The Essentials, Book,
2018, Urinary & Fecal Incontinence: Nursing Management, Book,
1686, Roy Buchanan: American Axe, Book,
2101, Crucial Decisions, Book,
438, One Hundred Years of Solitude (Everyman's Library (Cloth)), Book,
2446, Learn Library of Congress Classification, Book,
315, Resurrection and Moral Order: An Outline for Evangelical Ethics, Book,
2282, Johnny Mnemonic (Superbit Collection), DVD,
1251, Strange Skies: Pilot Encounters With Ufos, Book,
1805, Asian Traditions Modern Expressions, Book,
212, Fiber-Optic Communication Systems, Book,
2574, Plato: Apology, Book,
2139, The Enchanted Unicorn (Wanderer Sticker Book), Book,
122, Cocktail Hour: Lena Horne, Music,
2151, Fields of Dreams: A Guide to Visiting and Enjoying All 30 Major League Ballparks, Book,
2258, Todos Sus Exitos, Music,
813, Ready-to-Go Reproducibles: Standardized Test Skill Builders for Math (Grades 3-4), Book,
2628, Python and Tkinter Programming, Book,
2311, Internationalization and Localization Using Microsoft .NET, Book,
2240, Paul Schoenfield's Cafe Music, Music,
1331, Lindberg & Friends Play Lindberg, Music,
213, Running, Music,
232, Review of Veterinary Physiology (The Quick Look Series in Veterinary Medicine), Book,
1402, The World of Rosamunde Pilcher, Book,
1714, The Best Quilts from Thimbleberries: A Collection of 50 Charming Country Quilts and Decorative Accessories, Book,
455, The Gift of Game, Music,
2288, The Tilted Arc Controversy: Dangerous Precedent?, Book,
1917, SQL Server 2000 Backup and Recovery, Book,
1709, Legend of the Wolf, Music,
1083," Eat, Drink, & Be Merry : America's Doctor Tells You Why The Health Experts Are Wrong", Book,
793, Faded Coat of Blue : A Novel (Abel Jones Mysteries (Paperback)), Book,
1690, Independent Travellers Greek Island Hopping 2002: The Budget Travel Guide, Book,
2560, Profile of a Writer: Marquez - Tales Beyond Solitude, Video,
1097, Ahma, Music,
1393, Loney Planet Chicago City Map (City Maps Series), Book,
643, Swell Style : A Girl's Guide to Turning Heads (Swell Little Books), Book,
976, Dark Continent : Europe's Twentieth Century, Book,
961, Choice and Consequence, Book,
